,title,median,mean,my_status
33,Mononoke Hime,9.0,7.794404020310946,38206
39,Sen to Chihiro no Kamikakushi,9.0,7.915685608633311,53004
48,Howl no Ugoku Shiro,9.0,7.750441509340099,40203
89,Mushishi Zoku Shou: Suzu no Shizuku,9.0,7.589584624922504,3226
182,Little Witch Academia,8.0,6.979142441860465,13760
213,Naruto: Shippuuden Movie 6 - Road to Ninja,8.0,6.629604298974108,10235
217,Detective Conan Movie 17: Private Eye in the Distant Sea,8.0,6.496512365250475,1577
257,Little Witch Academia: Mahoujikake no Parade,8.0,6.925773760613531,7302
259,Detective Conan Movie 10: Requiem of the Detectives,8.0,6.705061648280338,3082
263,Macross Plus Movie Edition,8.0,6.701469450889404,1293
266,Sennen Joyuu,8.0,7.560459324847814,7228
269,Detective Conan Movie 09: Strategy Above the Depths,8.0,6.469152542372881,2950
281,Bakemono no Ko,8.0,7.71121351766513,9114
293,Lupin the IIIrd: Jigen Daisuke no Bohyou,8.0,6.996478873239437,852
311,Mobile Suit Gundam III: Encounters in Space,8.0,6.871918542336549,1866
350,Lupin III: Cagliostro no Shiro,8.0,7.282645324347094,4748
396,Ginga Tetsudou 999 (Movie),8.0,6.715264187866928,1022
412,Kino no Tabi: Nanika wo Suru Tame ni - Life Goes On.,8.0,6.778418649363134,4161
414,Detective Conan Movie 08: Magician of the Silver Sky,8.0,6.733414116934262,3301
415,Detective Conan Movie 07: Crossroad in the Ancient Capital,8.0,6.4956030150753765,3184
416,Detective Conan Movie 06: The Phantom of Baker Street,8.0,6.9826962809917354,3872
417,Detective Conan Movie 05: Countdown to Heaven,8.0,6.767104542966612,3654
418,Detective Conan Movie 04: Captured in Her Eyes,8.0,6.709139784946236,3720
425,Urusei Yatsura Movie 2: Beautiful Dreamer,8.0,6.62358276643991,882
432,Tales of Vesperia: The First Strike,8.0,6.935763888888889,4032
452,Gake no Ue no Ponyo,8.0,6.999351223827779,16955
461,Kappa no Coo to Natsuyasumi,8.0,6.90950744558992,873
485,Piano no Mori,8.0,7.0814814814814815,2970
532,Trigun: Badlands Rumble,8.0,7.231857479696097,7634
534,One Piece Film: Strong World,8.0,7.350397175639894,11330
564,Detective Conan Movie 12: Full Score of Fear,8.0,6.512168543407192,2753
634,Tekkon Kinkreet,8.0,7.180748213535098,4758
639,Toki wo Kakeru Shoujo,8.0,7.747045467776678,34354
641,Berserk: Ougon Jidai-hen I - Haou no Tamago,8.0,6.992078382322285,9594
642,Da Yu Hai Tang,8.0,6.925333333333334,375
653,Kino no Tabi: The Beautiful World - Byouki no Kuni - For You,8.0,6.748087431693989,3660
663,Berserk: Ougon Jidai-hen II - Doldrey Kouryaku,8.0,7.129430457100954,8182
664,Berserk: Ougon Jidai-hen III - Kourin,8.0,7.363456464379947,7580
665,Detective Conan Movie 16: The Eleventh Striker,8.0,6.5961945031712474,1892
676,Arashi no Yoru ni,8.0,6.928885630498534,1364
678,One Piece Film: Z,8.0,7.31669776119403,8576
724,Toaru Hikuushi e no Tsuioku,8.0,7.1013165426445335,3494
725,Stranger: Mukou Hadan,8.0,7.744818652849741,14668
761,Detective Conan Movie 15: Quarter of Silence,8.0,6.795862068965517,2175
775,Omae Umasou da na,8.0,7.371666666666667,600
776,Hoshi wo Ou Kodomo,8.0,7.0121580547112465,8225
872,Detective Conan Movie 01: The Timed Skyscraper,8.0,6.600574712643678,4524
876,Detective Conan Movie 02: The Fourteenth Target,8.0,6.584565271861689,3991
894,Sword Art Online Movie: Ordinal Scale,8.0,7.222791008235032,8986
919,Neko no Ongaeshi,8.0,6.955446293494705,13220
952,Kaze no Tani no Nausicaä,8.0,7.500164817053071,18202
963,Tonari no Totoro,8.0,7.436939313984169,30320
965,Digimon Adventure tri. 3: Kokuhaku,8.0,6.741826381059752,2661
975,Tenkuu no Shiro Laputa,8.0,7.318911410638955,19438
977,Majo no Takkyuubin,8.0,7.1801474250423345,20078
1007,Detective Conan Movie 03: The Last Wizard of the Century,8.0,6.703937405350833,3962
1026,Kurenai no Buta,8.0,7.051490790678742,9827
1052,Mind Game,8.0,6.9508644222020015,3297
1068,Lupin the IIIrd: Chikemuri no Ishikawa Goemon,8.0,7.03347280334728,478
1102,One Piece Film: Gold,8.0,7.0456075910621365,3267
1108,Akira,8.0,7.199444852641032,24498
1127,Pokemon Diamond & Pearl: Genei no Hasha Zoroark,7.0,5.663849509269356,3668
1171,Digimon Adventure tri. 4: Soushitsu,7.0,6.297679112008073,1982
1183,Doraemon Movie 30: Nobita no Ningyo Daikaisen,7.0,5.944664031620554,253
1188,Yu☆Gi☆Oh! Movie: Chou Yuugou! Toki wo Koeta Kizuna,7.0,6.092561983471074,3025
1212,Doraemon Movie 29: Shin Nobita no Uchuu Kaitakushi,7.0,6.065502183406114,229
1215,Doraemon Movie 21: Nobita no Taiyou Ou Densetsu,7.0,6.2654462242562925,437
1219,Ginga Tetsudou 999: Diamond Ring no Kanata e,7.0,4.7073170731707314,41
1224,Mirai Shounen Conan (Movie),7.0,5.5131578947368425,76
1234,Fusha no Sha,7.0,6.2,85
1256,Mahou Sensei Negima! Anime Final,7.0,5.746438746438747,1053
1261,Uchuu Senkan Yamato: Fukkatsu-hen,7.0,6.181818181818182,253
1279,Fullmetal Alchemist: The Sacred Star of Milos,7.0,6.519784366576819,9275
1283,Pandane to Tamago-hime,7.0,5.7859649122807015,285
1296,Pokemon: Kimi ni Kimeta!,7.0,6.482688391038696,982
1302,Mary to Majo no Hana,7.0,6.7436159346271705,979
1339,Yoake Tsugeru Lu no Uta,7.0,6.699115044247788,452
1349,Detective Conan: Conan vs. Kid - Shark & Jewel,7.0,5.103626943005182,193
1366,Toriko 3D: Kaimaku Gourmet Adventure!!,7.0,5.74293059125964,778
1370,Crayon Shin-chan Movie 01: Action Kamen vs. Haigure Maou,7.0,5.725333333333333,375
1373,Crayon Shin-chan Movie 08: Arashi wo Yobu Jungle,7.0,5.38671875,256
1374,Crayon Shin-chan Movie 11: Arashi wo Yobu Eikou no Yakiniku Road,7.0,5.570552147239264,163
1376,Crayon Shin-chan Movie 18: Chou Jikuu! Arashi wo Yobu Ora no Hanayome,7.0,5.748663101604278,187
1392,Uchuu Show e Youkoso,7.0,6.779086892488954,1358
1414,Digimon Adventure tri. 5: Kyousei,7.0,6.126013264554164,1357
1443,One Piece 3D: Mugiwara Chase,7.0,6.081678956324447,3526
1456,Da Nao Tiangong,7.0,5.730769230769231,52
1509,Eureka Seven: Pocket ga Niji de Ippai,7.0,6.463811563169165,4670
1514,Hashire Melos (Movie),7.0,6.248618784530387,181
1520,Ramayana: The Legend of Prince Rama,7.0,5.848739495798319,119
1521,Marco: Haha wo Tazunete Sanzenri,7.0,5.732394366197183,142
1523,Yousei Florence,7.0,6.07563025210084,119
1524,Afro Samurai: Resurrection,7.0,6.4446657183499285,7030
1526,Hells,7.0,6.281521739130435,920
1530,Sango Shou Densetsu: Aoi Umi no Elfie,7.0,5.747252747252747,91
1571,JoJo no Kimyou na Bouken: Phantom Blood,7.0,5.479674796747967,492
1587,Majime ni Fumajime Kaiketsu Zorori: Nazo no Otakara Daisakusen,7.0,5.219512195121951,41
1636,Pokemon Diamond & Pearl: Giratina to Sora no Hanataba Sheimi,7.0,5.63756761798172,5361
1657,Doraemon Movie 01: Nobita no Kyouryuu,7.0,6.117478510028653,349
1662,Crayon Shin-chan Movie 02: Buriburi Oukoku no Hihou,7.0,5.732970027247957,367
1664,Nagagutsu wo Haita Neko: 80 Nichikan Sekai Isshuu,7.0,5.883248730964467,197
1665,Grimm Douwa: Kin no Tori,7.0,5.786516853932584,89
1674,"One Piece Movie 9: Episode of Chopper Plus - Fuyu ni Saku, Kiseki no Sakura",7.0,6.284858170195765,5006
1691,Tailenders,7.0,6.046975546975547,1554
1696,Pokemon Diamond & Pearl: Arceus Choukoku no Jikuu e,7.0,5.597482935153583,4688
1789,Crayon Shin-chan Movie 05: Ankoku Tamatama Daitsuiseki,7.0,5.63859649122807,285
1851,Mai Mai Shinko to Sennen no Mahou,7.0,6.417420814479638,884
1853,Doraemon Movie 28: Nobita to Midori no Kyojin Den,7.0,6.15929203539823,339
1855,Digimon Adventure tri. 6: Bokura no Mirai,7.0,6.260930888575459,709
1937,Digimon Adventure tri. 2: Ketsui,7.0,6.486068965517242,3625
2030,Appleseed Alpha,7.0,6.201052631578947,950
2061,Doraemon Movie 34: Shin Nobita no Daimakyou - Peko to 5-nin no Tankentai,7.0,6.237410071942446,139
2072,Hunter x Hunter Movie 2: The Last Mission,7.0,6.182075471698113,4240
2138,Hinata no Aoshigure,7.0,6.159404888416578,941
2157,Xiyouji zhi Dasheng Guilai,7.0,6.38,50
2171,Pokemon the Movie XY&Z: Volcanion to Karakuri no Magearna,7.0,5.854489164086687,646
2174,Yu☆Gi☆Oh! The Dark Side of Dimensions,7.0,6.469244288224956,1707
2175,Doraemon Movie 36: Shin Nobita no Nippon Tanjou,7.0,5.7407407407407405,81
2253,Fairy Tail Movie 2: Dragon Cry,7.0,6.547307132459971,2061
2338,Dragon Nest: Throne of Elves,7.0,6.403846153846154,52
2347,Dragon Ball Z Movie 15: Fukkatsu no F,7.0,6.40025716385011,5444
2350,Dragon Nest: Warriors&#039; Dawn,7.0,6.395238095238096,210
2354,Crayon Shin-chan Movie 23: Ora no Hikkoshi Monogatari - Saboten Daisuugeki,7.0,5.936507936507937,63
2384,Digimon Adventure tri. 1: Saikai,7.0,6.50593445527015,5645
2392,Pokemon the Movie XY: Ring no Choumajin Hoopa,7.0,5.774696707105719,1154
2414,s.CRY.ed Alteration II: Quan,7.0,5.708333333333333,168
2440,Chain Chronicle: Haecceitas no Hikari Part 2,7.0,6.003154574132492,634
2445,Godzilla: Kaijuu Wakusei,7.0,6.007402422611037,1486
2451,Chain Chronicle: Haecceitas no Hikari Part 3,7.0,5.967625899280575,556
2454,Chain Chronicle: Haecceitas no Hikari Part 1,7.0,5.989316239316239,936
2457,Fairy Tail Movie 1: Houou no Miko,7.0,6.509487558232019,8801
2462,Doraemon Movie 37: Nobita no Nankyoku Kachikochi Daibouken,7.0,6.085106382978723,47
2475,Hunter x Hunter Movie 1: Phantom Rouge,7.0,6.299680624556423,5636
2497,Afro Samurai Movie,7.0,6.1743315508021395,1870
2515,Madang-Eul Naon Amtalg,7.0,6.111111111111111,144
2537,Naruto: Honoo no Chuunin Shiken! Naruto vs. Konohamaru!!,7.0,5.697703136576933,4049
2538,Magic Tree House,7.0,6.223958333333333,384
2576,Doraemon Movie 31: Shin Nobita to Tetsujin Heidan - Habatake Tenshi-tachi,7.0,6.541818181818182,275
2583,Naruto: Shippuuden Movie 5 - Blood Prison,7.0,6.247304802352173,9183
2584,s.CRY.ed Alteration I: Tao,7.0,5.430622009569378,209
2592,Tibet Inu Monogatari,7.0,6.786377708978328,323
2598,.hack//The Movie: Sekai no Mukou ni,7.0,6.312018489984592,1298
2618,009 Re:Cyborg,7.0,6.032051282051282,936
2640,Doraemon Movie 32: Nobita to Kiseki no Shima - Animal Adventure,7.0,5.988235294117647,170
2688,Kuiba: Zhi Shiwanhuoji,7.0,5.978260869565218,46
2757,Toriko Movie: Bishokushin no Special Menu,7.0,6.333333333333333,429
2785,Hirune Hime: Shiranai Watashi no Monogatari,7.0,6.386724386724387,693
2791,Dragon Ball Z Movie 14: Kami to Kami,7.0,6.521235102925243,9230
2819,Persona 4 the Animation: The Factor of Hope,7.0,5.823924731182796,744
2854,Doraemon Movie 33: Nobita no Himitsu Dougu Museum,7.0,6.019354838709678,155
2905,Konjiki no Gash Bell!!: 101 Banme no Mamono,7.0,6.283387622149837,614
2920,Brave Story,7.0,6.68442118226601,3248
2931,Slayers Return,7.0,6.166964285714286,2240
2932,Slayers Great,7.0,6.152941176470589,2210
2933,Slayers Gorgeous,7.0,6.175276752767528,2168
2935,Slayers Premium,7.0,6.093470483005366,2236
2951,Pokemon Diamond & Pearl: Dialga vs. Palkia vs. Darkrai,7.0,5.7807987711213515,6510
2953,Tenjou Tenge: The Past Chapter,7.0,5.848035581912527,2698
2967,Kaze wo Mita Shounen,7.0,6.030888030888031,518
2983,Bleach Movie 1: Memories of Nobody,7.0,6.522724416705064,23873
2987,Tsubasa Chronicle: Tori Kago no Kuni no Himegimi,7.0,6.304772041866241,5637
2993,Mahoujin Guru Guru Movie,7.0,5.677165354330708,127
2994,Ranma ½: Kessen Tougenkyou! Hanayome wo Torimodose!,7.0,6.1127659574468085,2350
3008,Keroro Gunsou Movie 2: Shinkai no Princess de Arimasu!,7.0,6.1063829787234045,423
3009,Naruto Movie 2: Dai Gekitotsu! Maboroshi no Chiteiiseki Dattebayo!,7.0,5.635878564857406,16305
3024,Digimon Adventure 02: Diablomon no Gyakushuu,7.0,5.800980183251651,4693
3025,Digimon Adventure: Bokura no War Game!,7.0,6.326059254539662,6278
3056,Dragon Ball Movie 4: Saikyou e no Michi,7.0,5.573403241182078,4196
3066,Doraemon Movie 24: Nobita to Fushigi Kaze Tsukai,7.0,6.054761904761905,420
3071,Yuu☆Yuu☆Hakusho (Movie),7.0,5.751602564102564,2496
3073,Soratobu Yuureisen,7.0,5.944320712694878,449
3081,Doraemon Movie 26: Nobita no Kyouryuu 2006,7.0,6.376344086021505,465
3087,Konjiki no Gash Bell!!: Mecha Vulkan no Raishuu,7.0,6.1419624217118995,479
3090,Dragon Ball Z Movie 13: Ryuuken Bakuhatsu!! Goku ga Yaraneba Dare ga Yaru,7.0,5.9536175866650565,8279
3094,Dragon Ball Z Movie 12: Fukkatsu no Fusion!! Gokuu to Vegeta,7.0,6.10876327362437,9323
3095,Dragon Ball Z Movie 10: Kiken na Futari! Super Senshi wa Nemurenai,7.0,5.663410398350157,9213
3096,Dragon Ball Z Movie 09: Ginga Girigiri!! Bucchigiri no Sugoi Yatsu,7.0,5.774636223825861,8453
3097,"Dragon Ball Z Movie 08: Moetsukiro!! Nessen, Ressen, Chougekisen",7.0,6.083363702623907,10976
3098,Dragon Ball Z Movie 07: Kyokugen Battle!! Sandai Super Saiyajin,7.0,5.61650922177238,8892
3099,Hi no Tori 2772: Ai no CosmoZone,7.0,5.989090909090909,275
3100,Dragon Ball Z Movie 06: Gekitotsu!! 100-oku Power no Senshi-tachi,7.0,5.573272184300341,9376
3101,Dragon Ball Z Movie 05: Tobikkiri no Saikyou tai Saikyou,7.0,5.697260547890422,10002
3113,Gedo Senki,7.0,6.380671506352087,8816
3139,Juubee Ninpuuchou,7.0,6.69685369063285,8359
3143,Digimon Adventure 02 Movies,7.0,5.6048306772908365,4016
3156,Digimon Tamers: Boukensha-tachi no Tatakai,7.0,5.619868220983274,1973
3164,Venus Senki,7.0,6.0013297872340425,752
3167,Digimon Tamers: Bousou Digimon Tokkyuu,7.0,5.694837825491092,2189
3172,Slayers: The Motion Picture,7.0,6.208999021845451,3067
3178,Pokemon: Mewtwo no Gyakushuu,7.0,6.114800855658552,19634
3196,Steamboy,7.0,6.630009775171065,6138
3201,Muumindani no Suisei,7.0,6.0,928
3210,Golgo 13,7.0,6.037260825780463,993
3213,Bleach Movie 2: The DiamondDust Rebellion - Mou Hitotsu no Hyourinmaru,7.0,6.500342935528121,20412
3221,Hokuto no Ken: Raoh Gaiden Junai-hen,7.0,6.632258064516129,775
3281,Dirty Pair: The Movie,7.0,5.8125,496
3333,Lupin III: Kutabare! Nostradamus,7.0,6.110966057441253,766
3349,Lupin III: Dead or Alive,7.0,5.956944444444445,720
3351,Tatsu no Ko Tarou,7.0,6.172932330827067,266
3359,Lupin III: Fuuma Ichizoku no Inbou,7.0,6.051873198847262,694
3383,Giniro no Kami no Agito,7.0,6.562007722007722,6475
3388,Naruto: Shippuuden Movie 1,7.0,6.102943708039249,17427
3392,Lupin III: Lupin vs. Fukusei-ningen,7.0,6.04932735426009,892
3402,Uchuu Kaizoku Captain Herlock: Arcadia-gou no Nazo,7.0,5.931623931623932,351
3454,Sayonara Ginga Tetsudou 999: Andromeda Shuuchakueki,7.0,6.398972602739726,584
3460,Hokuto no Ken Movie,7.0,6.2823529411764705,1530
3464,Macross 7 Movie: Ginga ga Ore wo Yondeiru!,7.0,5.9575471698113205,848
3499,Saint Seiya: Saishuu Seisen no Senshi-tachi,7.0,5.801559177888023,1411
3500,Saint Seiya: Tenkai-hen Josou - Overture,7.0,6.269622833843018,1962
3501,Saint Seiya: Kamigami no Atsuki Tatakai,7.0,5.88,1550
3502,Saint Seiya: Jashin Eris,7.0,5.833896396396397,1776
3503,Saint Seiya: Shinku no Shounen Densetsu,7.0,6.0372750642673525,1556
3518,Mobile Suit Gundam 0083: The Fading Light of Zeon,7.0,5.596747967479675,615
3526,Ranma ½: Chou Musabetsu Kessen! Ranma Team vs. Densetsu no Houou,7.0,5.984714873603762,1701
3541,Kumo no You ni Kaze no You ni,7.0,5.996478873239437,568
3542,Doraemon Movie 15: Nobita to Mugen Sankenshi,7.0,5.92,275
3544,Taiyou no Ouji: Horus no Daibouken,7.0,5.799671592775041,609
3547,Doraemon Movie 11: Nobita to Animal Planet,7.0,6.0119760479041915,334
3548,Doraemon Movie 18: Nobita no Nejimaki City Boukenki,7.0,5.764367816091954,174
3554,1000-nen Joou: Queen Millennia,7.0,6.501845018450185,271
3574,Crusher Joe,7.0,6.23051948051948,308
3581,Dead Leaves,7.0,6.501745361014146,5443
3596,Bishoujo Senshi Sailor Moon S: Kaguya Hime no Koibito,7.0,6.049100529100529,4725
3606,Unico: Mahou no Shima e,7.0,5.704918032786885,183
3609,Unico,7.0,6.0177304964539005,282
3621,Space Adventure Cobra,7.0,6.182,500
3640,Mobile Suit Gundam I,7.0,6.5103734439834025,2169
3641,Mori no Densetsu,7.0,5.724137931034483,232
3643,Pokemon: Maboroshi no Pokemon Lugia Bakutan,7.0,5.932139491046183,15915
3644,Pokemon: Kesshoutou no Teiou Entei,7.0,5.64843912230913,14447
3662,Pokemon Advanced Generation: Rekkuu no Houmonsha Deoxys,7.0,5.550348321722609,7895
3664,Pokemon: Mizu no Miyako no Mamorigami Latias to Latios,7.0,5.816708860759493,7900
3665,Pokemon: Celebi Toki wo Koeta Deai,7.0,5.560278556570498,11057
3668,Doraemon Movie 16: Nobita no Sousei Nikki,7.0,5.5064935064935066,154
3669,Doraemon Movie 03: Nobita no Daimakyou,7.0,5.835616438356165,219
3670,Pokemon Advanced Generation: Mew to Hadou no Yuusha Lucario,7.0,5.885883660615042,8097
3671,Doraemon Movie 10: Nobita no Nippon Tanjou,7.0,5.597285067873303,221
3673,Doraemon Movie 20: Nobita no Uchuu Hyouryuuki,7.0,5.855263157894737,228
3679,Doraemon Movie 12: Nobita no Dorabian Nights,7.0,6.091549295774648,426
3683,Doraemon Movie 27: Nobita no Shin Makai Daibouken - 7-nin no Mahoutsukai,7.0,6.211038961038961,308
3693,Doraemon Movie 07: Nobita to Tetsujin Heidan,7.0,5.845238095238095,252
3694,Doraemon Movie 19: Nobita no Nankai Daibouken,7.0,5.912751677852349,298
3702,Doraemon Movie 22: Nobita to Tsubasa no Yuusha-tachi,7.0,5.992217898832685,257
3703,Doraemon Movie 23: Nobita to Robot Kingdom,7.0,5.98125,480
3704,Doraemon Movie 25: Nobita no Wan Nyan Jikuuden,7.0,6.208955223880597,268
3707,Doraemon Movie 08: Nobita to Ryuu no Kishi,7.0,5.401486988847584,269
3708,Doraemon Movie 09: Nobita no Parallel Saiyuuki,7.0,5.725118483412322,211
3712,Doraemon Movie 13: Nobita to Kumo no Oukoku,7.0,6.082474226804123,388
3715,Doraemon Movie 02: Nobita no Uchuu Kaitakushi,7.0,5.769633507853404,191
3745,Coo: Tooi Umi kara Kita Coo,7.0,5.898305084745763,118
3746,Naruto Movie 3: Dai Koufun! Mikazuki Jima no Animaru Panikku Dattebayo!,7.0,5.589554693152667,15203
3767,Manie-Manie: Meikyuu Monogatari,7.0,6.115674769488684,1193
3796,Oseam,7.0,6.478571428571429,420
3809,eX-Driver the Movie,7.0,5.584729981378026,537
3828,Escaflowne,7.0,6.187628480657821,5351
3839,Urusei Yatsura Movie 4: Lum The Forever,7.0,5.627586206896551,435
3841,Urusei Yatsura Movie 5: Final,7.0,6.331018518518518,432
3842,Urusei Yatsura Movie 6: Itsudatte My Darling,7.0,5.840848806366048,377
3854,Urusei Yatsura Movie 3: Remember My Love,7.0,5.848101265822785,474
3870,Urusei Yatsura Movie 1: Only You,7.0,6.051987767584098,654
3923,Hokuto no Ken: Raoh Gaiden Gekitou-hen,7.0,6.507959479015919,691
3930,Project A-Ko,7.0,5.834821428571429,1120
3949,Detective Conan Movie 11: Jolly Roger in the Deep Azure,7.0,6.2973856209150325,2754
3985,Jumping,7.0,5.597774244833069,629
3998,Waga Seishun no Arcadia,7.0,6.657807308970099,602
3999,Pokemon Advanced Generation: Pokemon Ranger to Umi no Ouji Manaphy,7.0,5.538146167557932,5610
4001,Chirin no Suzu,7.0,6.296593186372745,499
4034,InuYasha: Tenka Hadou no Ken,7.0,6.431079894644425,7973
4035,InuYasha: Toki wo Koeru Omoi,7.0,6.243963662443223,8366
4041,Nagagutsu wo Haita Neko,7.0,6.163434903047092,361
4042,One Piece Movie 1,7.0,5.898115008351229,8382
4043,One Piece Movie 2: Nejimaki-jima no Daibouken,7.0,6.0046151757839015,7367
4044,One Piece Movie 3: Chinjuu-jima no Chopper Oukoku,7.0,5.8578459756803705,6908
4048,One Piece Movie 4: Dead End no Bouken,7.0,6.377295492487479,7188
4051,One Piece Movie 5: Norowareta Seiken,7.0,6.0736130321192565,6507
4053,One Piece Movie 6: Omatsuri Danshaku to Himitsu no Shima,7.0,6.406692216981132,6784
4054,One Piece Movie 7: Karakuri-jou no Mecha Kyohei,7.0,6.071727836433719,5967
4070,Jungle Taitei Movie (1997),7.0,5.912903225806452,310
4083,InuYasha: Kagami no Naka no Mugenjo,7.0,6.3051002865329515,8725
4087,Naruto Movie 1: Dai Katsugeki!! Yuki Hime Shinobu Houjou Dattebayo!,7.0,5.868884732749287,20318
4090,Digimon X-Evolution,7.0,5.703509690937664,1909
4096,InuYasha: Guren no Houraijima,7.0,6.183012486992716,7688
4121,Metropolis,7.0,6.622964579486319,5957
4126,Rockman.EXE Movie: Hikari to Yami no Program,7.0,6.12853470437018,389
4135,Little Nemo,7.0,6.514156285390714,883
4140,Gensoumaden Saiyuuki Movie: Requiem - Erabarezaru Mono e no Chinkonka,7.0,6.215898825654923,1107
4141,Uchuu Senkan Yamato: Kanketsu-hen,7.0,5.883870967741935,155
4147,Armitage III: Dual-Matrix,7.0,6.021115322144017,1847
4150,Yamato yo Towa ni,7.0,5.928104575163399,153
4152,Armitage III: Poly-Matrix,7.0,6.088075880758808,1476
4162,One Piece Movie 8: Episode of Alabasta - Sabaku no Oujo to Kaizoku-tachi,7.0,6.1210191082802545,5652
4169,Spriggan,7.0,5.925714285714286,2275
4181,Ranma ½: Chuugoku Nekonron Daikessen! Okite Yaburi no Gekitou-hen!!,7.0,6.020933977455717,2484
4186,11-nin Iru!,7.0,6.728455284552846,615
4204,Nezumi Monogatari: George to Gerald no Bouken,6.5,5.416666666666667,72
4229,Crayon Shin-chan Movie 21: Bakauma! B-Kyuu Gourmet Survival Battle!!,6.5,5.4625,80
4231,Cyborg 009: Call of Justice 2,6.5,5.696428571428571,112
4283,Pokemon 3D Adventure: Mew wo Sagase!,6.0,4.90453834115806,639
4294,Pokemon 3D Adventure 2: Pikachu no Kaitei Daibouken,6.0,4.86231884057971,552
4301,One Piece 3D: Gekisou! Trap Coaster,6.0,5.250295159386068,847
4361,Meitantei Holmes: Mrs. Hudson Hitojichi Jiken no Maki / Dover Kaikyou no Daikuuchuusen no Maki,6.0,4.612903225806452,31
4380,Jungle Taitei Movie,6.0,4.818181818181818,33
4412,Gall Force 1: Eternal Story,6.0,5.752380952380952,420
4417,Lupin III: Babylon no Ougon Densetsu,6.0,5.387218045112782,532
4445,Parol no Miraijima,6.0,5.101214574898785,247
4448,Silent Möbius 2,6.0,5.00398406374502,251
4450,Silent Möbius: The Motion Picture,6.0,5.251428571428572,350
4472,"Pokemon: Pikachu, Kore Nan no Kagi?",6.0,4.92354740061162,327
4479,Blue Gender: The Warrior,6.0,5.28051948051948,1155
4488,Pokemon XY: Hakai no Mayu to Diancie,6.0,5.53495217071376,1359
4491,Ookii 1 Nensei to Chiisana 2 Nensei,6.0,5.489642184557439,531
4493,Sougen no Ko Tenguri,6.0,5.670588235294118,85
4548,Kaze no Tairiku,6.0,5.563559322033898,472
4582,Mass Effect: Paragon Lost,6.0,5.875621890547263,804
4583,Pokemon: Pikachu to Eievui Friends,6.0,5.523890784982935,586
4584,Pokemon Best Wishes! Season 2: Shinsoku no Genosect - Mewtwo Kakusei,6.0,5.380199179847686,1707
4699,Meitantei Holmes: Aoi Ruby no Maki / Kaitei no Zaihou no Maki,6.0,4.9375,64
4706,Yu☆Gi☆Oh!: Hikari no Pyramid,6.0,5.498577929465301,7032
4723,Pokemon: Meloetta no Kirakira Recital,6.0,5.133709981167608,531
4772,Pokemon Best Wishes! Season 2: Kyurem vs. Seikenshi,6.0,5.34211834908006,2011
4776,Patalliro! Stardust Keikaku,6.0,5.46875,32
4795,Takara-sagashi,6.0,5.514285714285714,35
4804,Yu☆Gi☆Oh! (Movie),6.0,5.4524165421026405,4014
4869,Bakuten Shoot Beyblade the Movie: Gekitou!! Takao vs. Daichi,6.0,5.197115384615385,1040
4874,Buta,6.0,5.73557278208441,1161
4970,Cyborg 009: Call of Justice 3,6.0,5.790909090909091,110
4971,Cyborg 009: Call of Justice 1,6.0,5.390070921985815,141
4991,Hajimari no Boukensha-tachi: Legend of Crystania,6.0,5.156941649899396,497
5003,Kamui no Ken,6.0,5.643874643874644,351
5006,Dragon Ball Movie 1: Shen Long no Densetsu,6.0,5.343743822889899,5059
5010,Fatal Fury: The Motion Picture,6.0,5.704052098408104,1382
5122,Phantom of the Kill: Zero kara no Hangyaku,6.0,5.206422018348624,436
5210,Sakura Taisen: Katsudou Shashin,6.0,5.5480631276901,697
5429,Koukyoushihen Eureka Seven: Hi-Evolution 1,6.0,5.2560975609756095,82
5471,Palme no Ki,6.0,5.85,440
5558,Pokemon Advanced Generation: Nanayo no Negaiboshi Jirachi,6.0,5.42356893655511,7739
5575,Youjuu Toshi,6.0,5.6635318704284225,1914
5626,Yodaka no Hoshi,6.0,5.2994652406417115,187
5649,Pokemon XY: Sora no Hahen,6.0,4.940828402366864,169
5657,Cardfight!! Vanguard Movie: Neon Messiah,6.0,5.28421052631579,190
5743,Dragon Ball Movie 3: Makafushigi Daibouken,6.0,5.329161747343566,4235
5749,Dragon Ball Movie 2: Majinjou no Nemuri Hime,6.0,5.307811120917917,4532
5754,Dragon Ball Z Movie 01: Ora no Gohan wo Kaese!!,6.0,5.4519813288310655,10069
5756,Dragon Ball Z Movie 02: Kono Yo de Ichiban Tsuyoi Yatsu,6.0,5.428011856870633,9446
5757,Dragon Ball Z Movie 03: Chikyuu Marugoto Choukessen,6.0,5.510561976883221,10036
5758,Dragon Ball Z Movie 04: Super Saiyajin da Son Gokuu,6.0,5.330714936247723,8784
5799,Last Exile: Ginyoku no Fam Movie - Over the Wishes,6.0,4.904761904761905,42
5806,Sinbad: Mahou no Lamp to Ugoku Shima,6.0,4.870967741935484,31
5818,Arion,6.0,5.6897590361445785,332
5858,Sinbad: Soratobu Hime to Himitsu no Shima,6.0,5.363636363636363,44
5902,Pokemon: Pikachu to Pokemon Ongakutai,6.0,4.952153110047847,209
5928,Dragon Ball Z Movie 11: Super Senshi Gekiha!! Katsu no wa Ore da,6.0,4.950198007920317,8333
5963,Street Fighter Alpha: Generations,6.0,5.543093922651933,1810
5988,Mangchi,6.0,5.144927536231884,69
6001,Doraemon: Ganbare! Gian!!,6.0,4.989473684210527,95
6011,Doubutsu Takarajima,6.0,5.712962962962963,108
6019,Gundam Neo Experience 0087: Green Divers,6.0,4.9453125,128
6027,Digimon Frontier: Ornismon Fukkatsu!!,6.0,5.4429378531073445,1770
6052,Akage no Anne: Green Gables e no Michi,6.0,4.5225225225225225,111
6095,Dorami & Doraemons: Space Land&#039;s Critical Event,6.0,5.074626865671642,67
6121,Wanpaku Ouji no Orochi Taiji,6.0,5.449438202247191,89
6123,Mazinger Z tai Devilman,6.0,5.048458149779735,227
6136,Pokemon: Pikachu Tankentai,6.0,5.028622012393036,3389
6137,Pokemon: Pichu to Pikachu,6.0,5.109150833656456,5158
6138,Pokemon: Pikachu no Dokidoki Kakurenbo,6.0,4.952655150351887,1563
6139,Pokemon: Pika Pika Hoshizora Camp,6.0,4.9803493449781655,2290
6162,Cyborg 009,6.0,4.940119760479042,167
6164,"Doraemon Movie: Boku, Momotarou no Nanna no Sa",6.0,5.026315789473684,114
6220,Alexander Senki Movie,6.0,4.7155172413793105,116
6226,Totsuzen! Neko no Kuni Banipal Witt,6.0,5.467153284671533,137
6280,Shounen Sarutobi Sasuke,6.0,5.361702127659575,94
6295,Panda no Daibouken,6.0,5.326923076923077,52
6328,Cutey Honey Flash: The Movie,6.0,4.848484848484849,165
6350,Sekai Meisaku Douwa: Aladdin to Mahou no Lamp,6.0,5.063063063063063,111
6363,Nagagutsu Sanjuushi,6.0,5.09009009009009,111
6377,Dragon Quest: Dai no Daibouken Buchiyabure!! Shinsei 6 Daishougun,6.0,4.703125,64
6390,Tottoko Hamtarou Movie 1: Ham-Ham Land Daibouken,6.0,4.742857142857143,245
6395,Yona Yona Penguin,6.0,4.954545454545454,66
6422,Hengen Taima Yakou Karura Mau! Nara Onryou Emaki,6.0,5.166666666666667,54
6457,Shin SOS Dai Tokyo Tankentai,6.0,5.2,165
6467,Oz no Mahoutsukai,6.0,5.116666666666666,60
6469,Saiyuuki,6.0,5.137055837563452,197
6474,Toki no Tabibito: Time Stranger,6.0,5.5625,144
6509,Dragon Quest Retsuden: Roto no Monshou,6.0,4.705882352941177,68
6530,Umi no Triton (1979),6.0,5.405405405405405,37
6532,Dragon Quest: Dai no Daibouken Tachiagare!! Aban no Shito,6.0,5.03030303030303,66
6533,Kagaku Ninja-tai Gatchaman (Movie),6.0,4.671052631578948,76
6539,Dragon Quest: Dai no Daibouken (1991),6.0,4.571428571428571,56
6562,Nils no Fushigi na Tabi (Movie),6.0,5.044444444444444,90
6623,Crayon Shin-chan Movie 12: Arashi wo Yobu! Yuuhi no Kasukabe Boys,6.0,5.552795031055901,161
6663,The☆Doraemons: Dokidoki Kikansha Daibakusou!,6.0,5.223684210526316,76
6708,Hakujaden,6.0,5.366666666666666,300
6740,Digimon Savers the Movie: Kyuukyoku Power! Burst Mode Hatsudou!!,6.0,5.1108269394714405,1173
6745,Mirai Shounen Conan: Kyodaiki Gigant no Fukkatsu,6.0,4.701754385964913,57
6752,Metal Fight Beyblade vs. Taiyou: Shakunetsu no Shinryakusha Sol Blaze,6.0,4.818965517241379,232
6762,Jigoku Sensei Nube: Gozen 0 toki Nube Shisu!,6.0,5.587301587301587,126
6777,Shenmue: The Movie,6.0,5.435483870967742,124
6779,Jigoku Sensei Nube (Movie),6.0,5.339622641509434,159
6798,Baton,6.0,5.139664804469274,179
6821,Saint Seiya: Legend of Sanctuary,6.0,5.686233403214535,1431
6822,Tetsujin 28-gou: Hakuchuu no Zangetsu,6.0,5.921568627450981,51
6871,Akihabara Dennou-gumi: 2011-nen no Natsuyasumi,6.0,5.367567567567567,185
6875,Kujiratori,6.0,5.04,75
6896,Pokemon Best Wishes!: Victini to Shiroki Eiyuu Reshiram,6.0,5.415463437354448,2147
6900,Bakusou Kyoudai Let&#039;s & Go!! WGP Bousou Mini Yonku Daitsuiseki,6.0,4.661016949152542,59
6931,Pokemon Best Wishes!: Victini to Kuroki Eiyuu Zekrom,6.0,5.399315946985891,2339
6951,Tottoi,6.0,4.775,40
6999,Hamelin no Violin Hiki: The Movie,6.0,5.4641350210970465,237
7000,Xi Avant,6.0,5.17825311942959,561
7038,Feng Yun Jue,6.0,5.612,250
7086,Super Doll Licca-chan: Licca-chan Zettai Zetsumei! Doll Knights no Kiseki,6.0,4.9393939393939394,33
7087,SF Shinseiki Lensman,6.0,5.325892857142857,224
7115,Beast Wars Second Chou Seimeitai Transformers: Lio Convoy Kiki Ippatsu! Movie,6.0,4.839285714285714,112
7134,Chocolate Underground: Bokura no Chocolate Sensou,6.0,5.315789473684211,76
7135,Detective Conan: Conan vs. Kid - Jet Black Sniper,6.0,4.833333333333333,144
7155,Gulliver no Uchuu Ryokou,6.0,5.28169014084507,71
7170,Anime Sanjuushi: Aramis no Bouken,6.0,5.540816326530612,98
7195,Apfelland Monogatari,6.0,5.289719626168225,107
7240,Ie Naki Ko (Movie),6.0,5.288135593220339,59
7250,Ninkuu (Movie),6.0,4.9817073170731705,164
7261,Arei no Kagami: Way to the Virgin Space,5.5,5.121951219512195,82
7286,Gegege no Kitarou (1968 Movie),5.5,4.225,40
7288,MAPS: Densetsu no Samayoeru Seijin-tachi,5.5,4.730769230769231,52
7309,Cyborg 009: Kaijuu Sensou,5.5,4.520833333333333,96
7339,Chibikko Remi to Meiken Kapi,5.0,4.613636363636363,44
7341,Tottoko Hamtarou Movie 2: Ham-Ham Hamuuja! Maboroshi no Princess,5.0,4.229166666666667,192
7342,Furudera no Obake-soudou,5.0,4.159235668789809,157
7394,Mother: Saigo no Shoujo Eve,5.0,4.358695652173913,92
7431,Norakuro Gochou,5.0,4.0546875,128
7458,Grick no Bouken,5.0,3.8484848484848486,33
7473,Norakuro Nitouhei: Kyouren no Maki,5.0,4.072072072072072,111
7540,Saru Masamune,5.0,4.005025125628141,199
7560,Sora no Momotarou,5.0,4.0062893081761,159
7561,Norakuro Nitouhei: Enshuu no Maki,5.0,4.177570093457944,107
7572,Rokumon Tengai Mon Colle Knights Movie: Densetsu no Fire Dragon,5.0,4.45,40
7656,Hanare Toride no Yonna,5.0,4.432601880877743,319
7719,Tondemo Nezumi Daikatsuyaku,5.0,4.694444444444445,36
7766,"Nemure Omoigo, Sora no Shitone ni",5.0,4.625,40
7850,Duel Masters Movie 2: Lunatic God Saga,5.0,4.052631578947368,57
7858,Dangobei Torimonochou: Hirake - Goma no Maki,5.0,4.0625,32
7884,Baguda-jou no Touzoku,5.0,4.161764705882353,68
7923,Ahiru no Otegara,5.0,4.191780821917808,219
7950,Kuma ni Kuwarenu Otoko,5.0,3.627659574468085,94
7955,Gulliver Funtouki,5.0,3.86,100
7958,Kangaroo no Tanjoubi,5.0,4.168141592920354,113
7963,Saiyuuki: Son Gokuu Monogatari,5.0,4.040404040404041,99
7965,Tie Shan Gongzhu,5.0,4.4,50
8056,Hyper-Psychic Geo Garaga,5.0,4.580357142857143,112
8121,Genma Taisen,5.0,4.345890410958904,292
8132,Wan Wan Chuushingura,5.0,4.5625,32
8192,Duel Masters Movie 1: Yami no Shiro no Maryuuou,5.0,4.296610169491525,118
8230,SF Saiyuuki Starzinger (Movie),5.0,4.117647058823529,34
8289,Tobacco to Hai,5.0,4.0519480519480515,77
8322,Waza no Tabibito,5.0,5.085106382978723,47
8353,Onna Senshi Efe & Jira: Gude no Monshou,5.0,4.936708860759493,79
8425,Seirei Tsukai,5.0,4.741379310344827,174
8427,Shinpi no Hou,5.0,4.59375,96
8459,Tetsuwan Atom: Uchuu no Yuusha,5.0,4.376623376623376,77
8460,Ultraman USA,5.0,4.5,36
8565,Super Mario Brothers: Peach-hime Kyuushutsu Daisakusen!,5.0,4.6951754385964914,456
8607,Kumo to Tulip,5.0,4.492592592592593,270
8627,Tottoko Hamtarou Movie 3: Ham Ham Grand Prix Aurora Tani no Kiseki - Ribon-chan Kiki Ippatsu!,5.0,4.12,150
8629,Digimon Savers 3D: Digital World Kiki Ippatsu!,5.0,4.60377358490566,477
8632,Digimon Adventure 3D: Digimon Grand Prix!,5.0,4.482142857142857,728
8642,Tottoko Hamtarou Movie 4: Hamtaro to Fushigi no Oni no Emon Tou,5.0,4.195652173913044,138
8656,Gegege no Kitarou: Chisougan,5.0,4.387096774193548,31
8745,Fushigi no Umi no Nadia: Original Movie,5.0,4.680311890838206,513
8759,Tobira wo Akete,5.0,4.884955752212389,113
8794,Odin: Koushi Hansen Starlight,5.0,4.232,250
8803,Bao Lian Deng,5.0,4.5625,32
8812,Hokkyoku no Muushika Miishika,5.0,4.483870967741935,31
8823,Arabian Nights: Sindbad no Bouken,5.0,4.681159420289855,69
8864,Shounen Kenya,4.5,4.512195121951219,82
8955,Chou Henshin Cosprayers vs. Ankoku Uchuu Shougun the Movie,4.0,3.9859154929577465,355
9110,Bouken Dankichi: Hyouryuu no Maki,4.0,3.4262295081967213,122
9112,Kaitei no Boukun,4.0,3.1825396825396823,126
9124,Nonsense Monogatari Dai Ippen: Sarugashima,4.0,4.081081081081081,37
9130,Taa-chan no Kaitei Ryokou,4.0,3.141843971631206,141
9132,Kaeru San Yuushi,4.0,3.2,45
9133,Numa no Taishou,4.0,3.5405405405405403,37
9134,Kokoro no Chikara,4.0,3.9523809523809526,42
9135,Kogane no Hana,4.0,3.8392857142857144,56
9369,Shounen Jack to Mahoutsukai,3.0,3.3636363636363638,33
9420,Dekobou no Jidousha Ryokou,3.0,3.1337579617834397,157
9426,Adventures in Beauty Wonderland,3.0,2.9526066350710902,211
9435,Alice in Dreamland,2.5,3.0625,32
9464,Blue Remains,2.0,2.625,40
9488,Armageddon,2.0,2.835616438356164,146
9541,Super Child,1.0,2.117021276595745,94
